path	kind	family	added	deleted
.github/workflows/dotnet-ci.yml	build-config	test-runner-catalog-ci	69	23
.github/workflows/portable-load-linux.yml	build-config	test-runner-catalog-ci	98	0
.gitignore	build-config	governance-build-docs	5	2
.specify/feature.json	build-config	governance-build-docs	1	1
.specify/memory/constitution.md	build-config	governance-build-docs	14	3
AGENTS.md	documentation	governance-build-docs	23	1
BookOfEternityClient.IntegrationTests/BrowserDirectGachaLinuxBoundaryTests.Admission.cs	test-support-catalog	web-coordinator-http	157	0
BookOfEternityClient.IntegrationTests/BrowserDirectGachaLinuxBoundaryTests.cs	test-support-catalog	web-coordinator-http	206	0
BookOfEternityClient.IntegrationTests/BrowserDirectGachaLinuxFixture.cs	test-support-catalog	web-coordinator-http	105	0
BookOfEternityClient.IntegrationTests/BrowserDirectGachaLinuxTests.cs	test-support-catalog	web-coordinator-http	57	0
BookOfEternityClient.IntegrationTests/BrowserLocalWriteCoordinatorTests.DirectoryDeletion.cs	test-support-catalog	web-coordinator-http	59	0
BookOfEternityClient.IntegrationTests/BrowserLocalWriteCoordinatorTests.cs	test-support-catalog	web-coordinator-http	6	3
BookOfEternityClient.IntegrationTests/BrowserReadAuthorityTests.cs	test-support-catalog	web-coordinator-http	106	0
BookOfEternityClient.IntegrationTests/BrowserRollbackLinuxBoundaryTests.Admission.cs	test-support-catalog	web-coordinator-http	104	0
BookOfEternityClient.IntegrationTests/BrowserRollbackLinuxBoundaryTests.External.cs	test-support-catalog	web-coordinator-http	70	0
BookOfEternityClient.IntegrationTests/BrowserRollbackLinuxBoundaryTests.Lifetime.cs	test-support-catalog	web-coordinator-http	84	0
BookOfEternityClient.IntegrationTests/BrowserRollbackLinuxBoundaryTests.Recovery.cs	test-support-catalog	web-coordinator-http	138	0
BookOfEternityClient.IntegrationTests/BrowserRollbackLinuxBoundaryTests.cs	test-support-catalog	web-coordinator-http	183	0
BookOfEternityClient.IntegrationTests/BrowserRollbackLinuxTests.cs	test-support-catalog	web-coordinator-http	102	0
BookOfEternityClient.IntegrationTests/ConsoleE2ESmokeTests.Settings.cs	test-support-catalog	affected-test-neighbors	92	0
BookOfEternityClient.IntegrationTests/ConsoleE2ESmokeTests.cs	test-support-catalog	affected-test-neighbors	1	1
BookOfEternityClient.IntegrationTests/DarenStandaloneLinuxBoundaryTests.Admission.cs	test-support-catalog	affected-test-neighbors	177	0
BookOfEternityClient.IntegrationTests/DarenStandaloneLinuxBoundaryTests.ConsoleAndCancel.cs	test-support-catalog	affected-test-neighbors	52	0
BookOfEternityClient.IntegrationTests/DarenStandaloneLinuxBoundaryTests.cs	test-support-catalog	affected-test-neighbors	109	0
BookOfEternityClient.IntegrationTests/DarenStandaloneLinuxFixture.cs	test-support-catalog	affected-test-neighbors	57	0
BookOfEternityClient.IntegrationTests/DarenStandaloneLinuxTests.Consumers.cs	test-support-catalog	affected-test-neighbors	113	0
BookOfEternityClient.IntegrationTests/DarenStandaloneLinuxTests.cs	test-support-catalog	affected-test-neighbors	47	0
BookOfEternityClient.IntegrationTests/FileSystemManagerTests.cs	test-support-catalog	storage-and-load	109	50
BookOfEternityClient.IntegrationTests/GameEngineTurnLifecycleTests.CoordinatedOutcome.cs	test-support-catalog	game-lifecycle-commands	32	0
BookOfEternityClient.IntegrationTests/GameEngineTurnLifecycleTests.DirectGachaLinux.cs	test-support-catalog	game-lifecycle-commands	127	0
BookOfEternityClient.IntegrationTests/GameEngineTurnLifecycleTests.NewGameCancelValidation.cs	test-support-catalog	game-lifecycle-commands	181	0
BookOfEternityClient.IntegrationTests/GameEngineTurnLifecycleTests.PortableLoad.cs	test-support-catalog	game-lifecycle-commands	375	0
BookOfEternityClient.IntegrationTests/GameEngineTurnLifecycleTests.PortableSave.cs	test-support-catalog	game-lifecycle-commands	325	0
BookOfEternityClient.IntegrationTests/GameEngineTurnLifecycleTests.cs	test-support-catalog	game-lifecycle-commands	12	6
BookOfEternityClient.IntegrationTests/GmTurnHelperContractTests.cs	test-support-catalog	affected-test-neighbors	5	4
BookOfEternityClient.IntegrationTests/GmWorkerDetachedWorkspaceTests.cs	test-support-catalog	gm-workers-native	469	0
BookOfEternityClient.IntegrationTests/GmWorkerProcessHostEnvironmentTests.cs	test-support-catalog	gm-workers-native	169	0
BookOfEternityClient.IntegrationTests/GmWorkerProcessHostFrameTests.cs	test-support-catalog	gm-workers-native	251	0
BookOfEternityClient.IntegrationTests/GmWorkerProcessHostPeerIdentityTests.cs	test-support-catalog	gm-workers-native	79	0
BookOfEternityClient.IntegrationTests/GmWorkerProcessHostTests.Environment.cs	test-support-catalog	gm-workers-native	59	0
BookOfEternityClient.IntegrationTests/GmWorkerProcessHostTests.PipePeer.cs	test-support-catalog	gm-workers-native	265	0
BookOfEternityClient.IntegrationTests/GmWorkerProcessHostTests.cs	test-support-catalog	gm-workers-native	160	182
BookOfEternityClient.IntegrationTests/GmWorkerProcessTreeTests.cs	test-support-catalog	gm-workers-native	2	1
BookOfEternityClient.IntegrationTests/GmWorkerQuarantineAuditReceiptTests.cs	test-support-catalog	gm-workers-native	453	0
BookOfEternityClient.IntegrationTests/LocalWebUiHostTests.cs	test-support-catalog	affected-test-neighbors	149	0
BookOfEternityClient.IntegrationTests/LocalWebUiRequestAdmissionLifetimeTests.cs	test-support-catalog	affected-test-neighbors	97	0
BookOfEternityClient.IntegrationTests/LocalWebUiRequestAdmissionTests.cs	test-support-catalog	affected-test-neighbors	191	0
BookOfEternityClient.IntegrationTests/MortalWoundTreatmentResourcePublicationLifecycleTests.Backup.cs	test-support-catalog	affected-test-neighbors	70	0
BookOfEternityClient.IntegrationTests/NpcTradeServiceRequestFlowTests.cs	test-support-catalog	affected-test-neighbors	7	4
BookOfEternityClient.IntegrationTests/PortableCoordinatedCleanupTests.cs	test-support-catalog	storage-and-load	275	0
BookOfEternityClient.IntegrationTests/PortableLegacyGenerationTests.cs	test-support-catalog	storage-and-load	62	0
BookOfEternityClient.IntegrationTests/PortableLoadReplacementTests.NativeBoundaries.cs	test-support-catalog	storage-and-load	519	0
BookOfEternityClient.IntegrationTests/PortableLoadReplacementTests.NativeNames.cs	test-support-catalog	storage-and-load	197	0
BookOfEternityClient.IntegrationTests/PortableLoadReplacementTests.PublicEntry.cs	test-support-catalog	storage-and-load	86	0
BookOfEternityClient.IntegrationTests/PortableLoadReplacementTests.ReviewRegression.cs	test-support-catalog	storage-and-load	468	0
BookOfEternityClient.IntegrationTests/PortableLoadReplacementTests.SaveNativeNames.cs	test-support-catalog	storage-and-load	156	0
BookOfEternityClient.IntegrationTests/PortableLoadReplacementTests.Topology.cs	test-support-catalog	storage-and-load	245	0
BookOfEternityClient.IntegrationTests/PortableLoadReplacementTests.cs	test-support-catalog	storage-and-load	354	0
BookOfEternityClient.IntegrationTests/QteDeferredEffectContinuationIntegrationTests.CoordinatedOutcome.cs	test-support-catalog	affected-test-neighbors	76	0
BookOfEternityClient.IntegrationTests/QteDeferredEffectContinuationIntegrationTests.cs	test-support-catalog	affected-test-neighbors	25	12
BookOfEternityClient.IntegrationTests/QteSceneServiceTests.BackupPublication.cs	test-support-catalog	affected-test-neighbors	61	0
BookOfEternityClient.IntegrationTests/QteSceneServiceTests.cs	test-support-catalog	affected-test-neighbors	1	1
BookOfEternityClient.IntegrationTests/ResourceMaterializationTestContextTests.cs	test-support-catalog	affected-test-neighbors	14	9
BookOfEternityClient.IntegrationTests/SaveLoadServiceTests.cs	test-support-catalog	storage-and-load	76	637
BookOfEternityClient.IntegrationTests/ShiningTradeRequestStateTests.cs	test-support-catalog	affected-test-neighbors	1	1
BookOfEternityClient.IntegrationTests/WebUi/BrowserQteGenerationFencingTests.cs	test-support-catalog	web-coordinator-http	7	5
BookOfEternityClient.TestSupport/AudioConsoleProbe.cs	test-support-catalog	desktop-input-audio	78	0
BookOfEternityClient.TestSupport/AudioLifecycleProbe.cs	test-support-catalog	desktop-input-audio	236	0
BookOfEternityClient.TestSupport/BookOfEternityClient.TestSupport.csproj	test-support-catalog	affected-test-neighbors	1	0
BookOfEternityClient.TestSupport/ClipboardConsoleProbe.cs	test-support-catalog	desktop-input-audio	147	0
BookOfEternityClient.TestSupport/ControlledAudioBackend.cs	test-support-catalog	desktop-input-audio	44	0
BookOfEternityClient.TestSupport/MainOperationScenarioDriver.cs	test-support-catalog	affected-test-neighbors	273	0
BookOfEternityClient.TestSupport/MainRunCrashScenarioDriver.ColdBoundary.cs	test-support-catalog	affected-test-neighbors	94	0
BookOfEternityClient.TestSupport/MainRunCrashScenarioDriver.Conjunction.cs	test-support-catalog	affected-test-neighbors	55	0
BookOfEternityClient.TestSupport/MainRunCrashScenarioDriver.Pins.cs	test-support-catalog	affected-test-neighbors	146	0
BookOfEternityClient.TestSupport/MainRunCrashScenarioDriver.Replacement.cs	test-support-catalog	affected-test-neighbors	143	0
BookOfEternityClient.TestSupport/MainRunCrashScenarioDriver.Stop.cs	test-support-catalog	affected-test-neighbors	113	0
BookOfEternityClient.TestSupport/MainRunCrashScenarioDriver.cs	test-support-catalog	affected-test-neighbors	201	0
BookOfEternityClient.TestSupport/MainRunFenceScenarioDriver.cs	test-support-catalog	affected-test-neighbors	383	0
BookOfEternityClient.TestSupport/NativeBootstrapScenario.cs	test-support-catalog	affected-test-neighbors	113	0
BookOfEternityClient.TestSupport/NativeHostScenarioDriver.cs	test-support-catalog	affected-test-neighbors	166	0
BookOfEternityClient.TestSupport/NativePoolScenarioDriver.Cleanup.cs	test-support-catalog	gm-workers-native	161	0
BookOfEternityClient.TestSupport/NativePoolScenarioDriver.Restart.cs	test-support-catalog	gm-workers-native	231	0
BookOfEternityClient.TestSupport/NativePoolScenarioDriver.RestartAudit.cs	test-support-catalog	gm-workers-native	102	0
BookOfEternityClient.TestSupport/NativePoolScenarioDriver.RestartBoundaries.cs	test-support-catalog	gm-workers-native	126	0
BookOfEternityClient.TestSupport/NativePoolScenarioDriver.RestartCleanup.cs	test-support-catalog	gm-workers-native	70	0
BookOfEternityClient.TestSupport/NativePoolScenarioDriver.RestartControl.cs	test-support-catalog	gm-workers-native	118	0
BookOfEternityClient.TestSupport/NativePoolScenarioDriver.RestartFence.cs	test-support-catalog	gm-workers-native	151	0
BookOfEternityClient.TestSupport/NativePoolScenarioDriver.RestartFenceCleanupLoss.cs	test-support-catalog	gm-workers-native	84	0
BookOfEternityClient.TestSupport/NativePoolScenarioDriver.RestartFenceInventory.cs	test-support-catalog	gm-workers-native	85	0
BookOfEternityClient.TestSupport/NativePoolScenarioDriver.RestartFencePublication.cs	test-support-catalog	gm-workers-native	78	0
BookOfEternityClient.TestSupport/NativePoolScenarioDriver.RestartFenceRaces.cs	test-support-catalog	gm-workers-native	107	0
BookOfEternityClient.TestSupport/NativePoolScenarioDriver.RestartFenceRetirement.cs	test-support-catalog	gm-workers-native	124	0
BookOfEternityClient.TestSupport/NativePoolScenarioDriver.RestartLaunch.cs	test-support-catalog	gm-workers-native	122	0
BookOfEternityClient.TestSupport/NativePoolScenarioDriver.RestartOwnership.cs	test-support-catalog	gm-workers-native	161	0
BookOfEternityClient.TestSupport/NativePoolScenarioDriver.RestartPurpose.cs	test-support-catalog	gm-workers-native	86	0
BookOfEternityClient.TestSupport/NativePoolScenarioDriver.RestartRoot.cs	test-support-catalog	gm-workers-native	147	0
BookOfEternityClient.TestSupport/NativePoolScenarioDriver.RestartWarm.cs	test-support-catalog	gm-workers-native	97	0
BookOfEternityClient.TestSupport/NativePoolScenarioDriver.RestartWitness.cs	test-support-catalog	gm-workers-native	96	0
BookOfEternityClient.TestSupport/NativePoolScenarioDriver.cs	test-support-catalog	gm-workers-native	370	0
BookOfEternityClient.TestSupport/OwnedTerminalScenarioDriver.ConsoleRuntime.cs	test-support-catalog	gm-main-bridge-protocol	93	0
BookOfEternityClient.TestSupport/OwnedTerminalScenarioDriver.DaemonStop.cs	test-support-catalog	gm-main-bridge-protocol	68	0
BookOfEternityClient.TestSupport/OwnedTerminalScenarioDriver.DriverStop.cs	test-support-catalog	gm-main-bridge-protocol	52	0
BookOfEternityClient.TestSupport/OwnedTerminalScenarioDriver.EarlyExit.cs	test-support-catalog	gm-main-bridge-protocol	87	0
BookOfEternityClient.TestSupport/OwnedTerminalScenarioDriver.HttpReads.cs	test-support-catalog	gm-main-bridge-protocol	151	0
BookOfEternityClient.TestSupport/OwnedTerminalScenarioDriver.Load.cs	test-support-catalog	gm-main-bridge-protocol	62	0
BookOfEternityClient.TestSupport/OwnedTerminalScenarioDriver.LoadFaults.cs	test-support-catalog	gm-main-bridge-protocol	131	0
BookOfEternityClient.TestSupport/OwnedTerminalScenarioDriver.LoadHttp.cs	test-support-catalog	gm-main-bridge-protocol	144	0
BookOfEternityClient.TestSupport/OwnedTerminalScenarioDriver.PendingAvailability.cs	test-support-catalog	gm-main-bridge-protocol	94	0
BookOfEternityClient.TestSupport/OwnedTerminalScenarioDriver.Relay.cs	test-support-catalog	gm-main-bridge-protocol	82	0
BookOfEternityClient.TestSupport/OwnedTerminalScenarioDriver.cs	test-support-catalog	gm-main-bridge-protocol	370	0
BookOfEternityClient.TestSupport/PortableLoadColdHost.cs	test-support-catalog	storage-and-load	128	0
BookOfEternityClient.TestSupport/PortableLoadFixture.cs	test-support-catalog	storage-and-load	351	0
BookOfEternityClient.TestSupport/PortableLoadResourceProbe.cs	test-support-catalog	storage-and-load	590	0
BookOfEternityClient.TestSupport/PortableSaveFixture.cs	test-support-catalog	storage-and-load	48	0
BookOfEternityClient.TestSupport/PortableSaveResourceProbe.cs	test-support-catalog	storage-and-load	149	0
BookOfEternityClient.TestSupport/PortableWorkerColdHost.cs	test-support-catalog	storage-and-load	40	0
BookOfEternityClient.TestSupport/ProductionLoadGameEngine.cs	test-support-catalog	game-lifecycle-commands	101	0
BookOfEternityClient.TestSupport/SystemdControlledScenarioDriver.cs	test-support-catalog	affected-test-neighbors	154	0
BookOfEternityClient.TestSupport/TrustedLocalPublicationCrashFixture.cs	test-support-catalog	storage-and-load	317	0
BookOfEternityClient.TestSupport/TrustedLocalStreamCrashFixture.cs	test-support-catalog	storage-and-load	68	0
BookOfEternityClient.TestSupport/TrustedLocalStreamGenerationCrashFixture.cs	test-support-catalog	storage-and-load	139	0
BookOfEternityClient.TestSupport/TrustedLocalStreamResourceProbe.cs	test-support-catalog	storage-and-load	327	0
BookOfEternityClient.TestSupport/WorkerRunLedgerScenarioDriver.cs	test-support-catalog	affected-test-neighbors	75	0
BookOfEternityClient.Tests/AfterlifeLocalActionGuardTests.cs	test-support-catalog	affected-test-neighbors	1	1
BookOfEternityClient.Tests/AudioLinuxFixture.cs	test-support-catalog	desktop-input-audio	57	0
BookOfEternityClient.Tests/AuxiliaryLauncherPortableTests.cs	test-support-catalog	storage-and-load	251	0
BookOfEternityClient.Tests/AuxiliaryLauncherRootBindingTests.cs	test-support-catalog	affected-test-neighbors	38	0
BookOfEternityClient.Tests/BookOfEternityClient.Tests.csproj	test-support-catalog	affected-test-neighbors	4	0
BookOfEternityClient.Tests/BrowserAudioIsolationTests.cs	test-support-catalog	desktop-input-audio	23	0
BookOfEternityClient.Tests/BrowserOriginalOwnerLinuxTests.cs	test-support-catalog	web-coordinator-http	10	0
BookOfEternityClient.Tests/ClipboardConsoleConsumerTests.cs	test-support-catalog	desktop-input-audio	151	0
BookOfEternityClient.Tests/ClipboardLinuxAdapterTests.cs	test-support-catalog	desktop-input-audio	115	0
BookOfEternityClient.Tests/ClipboardLinuxFixture.cs	test-support-catalog	desktop-input-audio	104	0
BookOfEternityClient.Tests/ConsoleAudioLinuxTests.cs	test-support-catalog	desktop-input-audio	161	0
BookOfEternityClient.Tests/ConsoleSettingsSessionTests.cs	test-support-catalog	settings-publication	520	0
BookOfEternityClient.Tests/CoordinatedStateWriteHelperTests.cs	test-support-catalog	affected-test-neighbors	51	72
BookOfEternityClient.Tests/DesktopFolderConsumerTests.cs	test-support-catalog	desktop-input-audio	71	0
BookOfEternityClient.Tests/DesktopHelpersFixture.cs	test-support-catalog	desktop-input-audio	114	0
BookOfEternityClient.Tests/DesktopImageConsumerTests.cs	test-support-catalog	desktop-input-audio	24	0
BookOfEternityClient.Tests/DesktopLaunchContractTests.cs	test-support-catalog	desktop-input-audio	82	0
BookOfEternityClient.Tests/GameEngineSourceGuardTests.cs	test-support-catalog	game-lifecycle-commands	7	5
BookOfEternityClient.Tests/GmBridgeDiagnosticsContractTests.cs	test-support-catalog	gm-main-bridge-protocol	47	121
BookOfEternityClient.Tests/GmBridgeInputLifetimeTests.cs	test-support-catalog	gm-main-bridge-protocol	555	0
BookOfEternityClient.Tests/GmBridgeOutputPumpTests.cs	test-support-catalog	gm-main-bridge-protocol	469	0
BookOfEternityClient.Tests/GmBridgePromptOperationTests.cs	test-support-catalog	gm-main-bridge-protocol	453	0
BookOfEternityClient.Tests/GmConnectedMiniTransactionTests.cs	test-support-catalog	gm-main-bridge-protocol	203	0
BookOfEternityClient.Tests/GmConsoleRuntimeAdmissionTests.cs	test-support-catalog	affected-test-neighbors	14	0
BookOfEternityClient.Tests/GmDaemonArtifactStallTests.cs	test-support-catalog	gm-main-bridge-protocol	22	0
BookOfEternityClient.Tests/GmDaemonForegroundStopTests.cs	test-support-catalog	gm-main-bridge-protocol	11	0
BookOfEternityClient.Tests/GmDaemonPromptDeliveryTests.cs	test-support-catalog	gm-main-bridge-protocol	218	0
BookOfEternityClient.Tests/GmExternalDraftObservationTests.cs	test-support-catalog	gm-main-bridge-protocol	112	0
BookOfEternityClient.Tests/GmLiveDriverFailureTests.cs	test-support-catalog	affected-test-neighbors	36	0
BookOfEternityClient.Tests/GmLiveTurnGuardianBudgetTests.cs	test-support-catalog	affected-test-neighbors	30	0
BookOfEternityClient.Tests/GmLoadSessionLifecycleTests.cs	test-support-catalog	gm-main-bridge-protocol	39	0
BookOfEternityClient.Tests/GmLoadSessionProtocolTests.cs	test-support-catalog	gm-main-bridge-protocol	37	0
BookOfEternityClient.Tests/GmMainCrashFixtureAdmissionTests.cs	test-support-catalog	gm-main-bridge-protocol	46	0
BookOfEternityClient.Tests/GmMainEarlyExitLinuxTests.cs	test-support-catalog	gm-main-bridge-protocol	9	0
BookOfEternityClient.Tests/GmMainLinuxLauncherTests.cs	test-support-catalog	gm-main-bridge-protocol	42	0
BookOfEternityClient.Tests/GmMainOperationLinuxTests.cs	test-support-catalog	gm-main-bridge-protocol	46	0
BookOfEternityClient.Tests/GmMainOperationPinTests.cs	test-support-catalog	gm-main-bridge-protocol	23	0
BookOfEternityClient.Tests/GmMainParticipatingConsumerTests.cs	test-support-catalog	gm-main-bridge-protocol	71	0
BookOfEternityClient.Tests/GmMainProductionAdmissionTests.cs	test-support-catalog	gm-main-bridge-protocol	45	0
BookOfEternityClient.Tests/GmMainRunCrashLinuxTests.cs	test-support-catalog	gm-main-bridge-protocol	56	0
BookOfEternityClient.Tests/GmMainRunFenceTests.cs	test-support-catalog	gm-main-bridge-protocol	119	0
BookOfEternityClient.Tests/GmMainRunOwnerLinuxTests.cs	test-support-catalog	gm-main-bridge-protocol	39	0
BookOfEternityClient.Tests/GmMainSystemdCgroupConnectedTests.cs	test-support-catalog	gm-main-bridge-protocol	7	0
BookOfEternityClient.Tests/GmMainSystemdCgroupSourceTests.cs	test-support-catalog	gm-main-bridge-protocol	143	0
BookOfEternityClient.Tests/GmMainSystemdContractTests.cs	test-support-catalog	gm-main-bridge-protocol	133	0
BookOfEternityClient.Tests/GmMainSystemdControlledTests.cs	test-support-catalog	gm-main-bridge-protocol	36	0
BookOfEternityClient.Tests/GmMiniDefaultForegroundTests.cs	test-support-catalog	gm-main-bridge-protocol	53	0
BookOfEternityClient.Tests/GmOwnedTerminalBoundaryTests.cs	test-support-catalog	gm-main-bridge-protocol	211	0
BookOfEternityClient.Tests/GmOwnedTerminalLinuxTests.cs	test-support-catalog	gm-main-bridge-protocol	84	0
BookOfEternityClient.Tests/GmOwnedTerminalSessionTests.cs	test-support-catalog	gm-main-bridge-protocol	78	0
BookOfEternityClient.Tests/GmRelayAcceptanceTests.cs	test-support-catalog	gm-main-bridge-protocol	20	0
BookOfEternityClient.Tests/GmRelayRepairTests.cs	test-support-catalog	gm-main-bridge-protocol	26	0
BookOfEternityClient.Tests/GmRelayReusableTests.cs	test-support-catalog	gm-main-bridge-protocol	43	0
BookOfEternityClient.Tests/GmRelayTransportTests.cs	test-support-catalog	gm-main-bridge-protocol	46	0
BookOfEternityClient.Tests/GmRelayWindowsTests.cs	test-support-catalog	gm-main-bridge-protocol	204	0
BookOfEternityClient.Tests/GmSessionRunAdmissionTests.cs	test-support-catalog	gm-main-bridge-protocol	123	0
BookOfEternityClient.Tests/GmSessionRunRecordTests.cs	test-support-catalog	gm-main-bridge-protocol	311	0
BookOfEternityClient.Tests/GmSynchronizedTerminalPresentationTests.cs	test-support-catalog	gm-main-bridge-protocol	236	0
BookOfEternityClient.Tests/GmWorkerApplyGateTests.ValidatorExceptions.cs	test-support-catalog	gm-workers-native	139	0
BookOfEternityClient.Tests/GmWorkerApplyGateTests.cs	test-support-catalog	gm-workers-native	64	7
BookOfEternityClient.Tests/GmWorkerBackendSelectionTests.cs	test-support-catalog	gm-workers-native	65	0
BookOfEternityClient.Tests/GmWorkerBridgeDocumentationTests.cs	test-support-catalog	gm-workers-native	106	25
BookOfEternityClient.Tests/GmWorkerConsumerEvidenceTests.cs	test-support-catalog	gm-workers-native	47	0
BookOfEternityClient.Tests/GmWorkerExecutionAuthorityTests.cs	test-support-catalog	gm-workers-native	71	0
BookOfEternityClient.Tests/GmWorkerNativeAdmissionTests.cs	test-support-catalog	gm-workers-native	79	0
BookOfEternityClient.Tests/GmWorkerNativeDescriptorTests.cs	test-support-catalog	gm-workers-native	159	0
BookOfEternityClient.Tests/GmWorkerNativeGuardianTests.cs	test-support-catalog	gm-workers-native	52	0
BookOfEternityClient.Tests/GmWorkerNativeHostTests.cs	test-support-catalog	gm-workers-native	207	0
BookOfEternityClient.Tests/GmWorkerNativePackageTests.cs	test-support-catalog	gm-workers-native	93	0
BookOfEternityClient.Tests/GmWorkerNativePoolTests.Cleanup.cs	test-support-catalog	gm-workers-native	65	0
BookOfEternityClient.Tests/GmWorkerNativePoolTests.Content.cs	test-support-catalog	gm-workers-native	29	0
BookOfEternityClient.Tests/GmWorkerNativePoolTests.Faults.cs	test-support-catalog	gm-workers-native	86	0
BookOfEternityClient.Tests/GmWorkerNativePoolTests.Terminal.cs	test-support-catalog	gm-workers-native	115	0
BookOfEternityClient.Tests/GmWorkerNativePoolTests.cs	test-support-catalog	gm-workers-native	109	0
BookOfEternityClient.Tests/GmWorkerPoolPlatformPolicyTests.cs	test-support-catalog	gm-workers-native	100	0
BookOfEternityClient.Tests/GmWorkerRestartAdmissionTests.cs	test-support-catalog	gm-workers-native	86	0
BookOfEternityClient.Tests/GmWorkerRestartAuditTests.cs	test-support-catalog	gm-workers-native	41	0
BookOfEternityClient.Tests/GmWorkerRestartBoundaryTests.cs	test-support-catalog	gm-workers-native	48	0
BookOfEternityClient.Tests/GmWorkerRestartCleanupTests.cs	test-support-catalog	gm-workers-native	31	0
BookOfEternityClient.Tests/GmWorkerRestartControlTests.cs	test-support-catalog	gm-workers-native	32	0
BookOfEternityClient.Tests/GmWorkerRestartDispatchTests.cs	test-support-catalog	gm-workers-native	62	0
BookOfEternityClient.Tests/GmWorkerRestartFenceTests.CleanupLoss.cs	test-support-catalog	gm-workers-native	41	0
BookOfEternityClient.Tests/GmWorkerRestartFenceTests.Inventory.cs	test-support-catalog	gm-workers-native	63	0
BookOfEternityClient.Tests/GmWorkerRestartFenceTests.Publication.cs	test-support-catalog	gm-workers-native	48	0
BookOfEternityClient.Tests/GmWorkerRestartFenceTests.Races.cs	test-support-catalog	gm-workers-native	54	0
BookOfEternityClient.Tests/GmWorkerRestartFenceTests.Retirement.cs	test-support-catalog	gm-workers-native	60	0
BookOfEternityClient.Tests/GmWorkerRestartFenceTests.cs	test-support-catalog	gm-workers-native	58	0
BookOfEternityClient.Tests/GmWorkerRestartLaunchTests.cs	test-support-catalog	gm-workers-native	37	0
BookOfEternityClient.Tests/GmWorkerRestartLifecycleTests.cs	test-support-catalog	gm-workers-native	31	0
BookOfEternityClient.Tests/GmWorkerRestartModeTests.cs	test-support-catalog	gm-workers-native	101	0
BookOfEternityClient.Tests/GmWorkerRestartOwnershipTests.cs	test-support-catalog	gm-workers-native	51	0
BookOfEternityClient.Tests/GmWorkerRestartPurposeTests.cs	test-support-catalog	gm-workers-native	38	0
BookOfEternityClient.Tests/GmWorkerRestartRecordTests.cs	test-support-catalog	gm-workers-native	145	0
BookOfEternityClient.Tests/GmWorkerRestartRootTests.cs	test-support-catalog	gm-workers-native	40	0
BookOfEternityClient.Tests/GmWorkerRestartWarmTests.cs	test-support-catalog	gm-workers-native	30	0
BookOfEternityClient.Tests/GmWorkerRestartWitnessTests.cs	test-support-catalog	gm-workers-native	25	0
BookOfEternityClient.Tests/GmWorkerRunLedgerFailureTests.cs	test-support-catalog	gm-workers-native	225	0
BookOfEternityClient.Tests/GmWorkerRunLedgerProcessTests.cs	test-support-catalog	gm-workers-native	156	0
BookOfEternityClient.Tests/GmWorkerRunLedgerTests.cs	test-support-catalog	gm-workers-native	367	0
BookOfEternityClient.Tests/GmWorkerRunRecordTests.cs	test-support-catalog	gm-workers-native	135	0
BookOfEternityClient.Tests/GmWorkerSyntheticBundlePublicationTests.Cleanup.cs	test-support-catalog	gm-workers-native	77	0
BookOfEternityClient.Tests/GmWorkerSyntheticBundlePublicationTests.Rejection.cs	test-support-catalog	gm-workers-native	232	0
BookOfEternityClient.Tests/GmWorkerSyntheticBundlePublicationTests.cs	test-support-catalog	gm-workers-native	78	0
BookOfEternityClient.Tests/LinuxFallbackSupervisorTests.cs	test-support-catalog	affected-test-neighbors	411	0
BookOfEternityClient.Tests/MortalItemIdentityTransitionTests.Stacks.cs	test-support-catalog	affected-test-neighbors	7	4
BookOfEternityClient.Tests/MortalItemIdentityTransitionTests.cs	test-support-catalog	affected-test-neighbors	8	4
BookOfEternityClient.Tests/OrdinarySaveReadAndRefreshTests.cs	test-support-catalog	affected-test-neighbors	304	0
BookOfEternityClient.Tests/OriginalSaveProfileRefreshTests.cs	test-support-catalog	affected-test-neighbors	189	0
BookOfEternityClient.Tests/PortableBackupConsumerTests.cs	test-support-catalog	storage-and-load	156	0
BookOfEternityClient.Tests/PortableBackupLifecycleTests.Boundaries.cs	test-support-catalog	storage-and-load	223	0
BookOfEternityClient.Tests/PortableBackupLifecycleTests.Publication.cs	test-support-catalog	storage-and-load	97	0
BookOfEternityClient.Tests/PortableBackupLifecycleTests.Routing.cs	test-support-catalog	storage-and-load	125	0
BookOfEternityClient.Tests/PortableBackupLifecycleTests.cs	test-support-catalog	storage-and-load	89	0
BookOfEternityClient.Tests/PortableBackupRecoveryTests.cs	test-support-catalog	storage-and-load	159	0
BookOfEternityClient.Tests/PortableBrowserLoadTests.cs	test-support-catalog	web-coordinator-http	155	0
BookOfEternityClient.Tests/PortableBrowserSaveCreationTests.cs	test-support-catalog	web-coordinator-http	202	0
BookOfEternityClient.Tests/PortableBrowserSettingsTests.cs	test-support-catalog	settings-publication	244	0
BookOfEternityClient.Tests/PortableClientStorageTests.cs	test-support-catalog	storage-and-load	422	0
BookOfEternityClient.Tests/PortableConsoleSettingsPreparationTests.cs	test-support-catalog	storage-and-load	199	0
BookOfEternityClient.Tests/PortableCoordinatedAuthorityTests.cs	test-support-catalog	storage-and-load	36	0
BookOfEternityClient.Tests/PortableCoordinatedLeaseTests.cs	test-support-catalog	storage-and-load	145	0
BookOfEternityClient.Tests/PortableCoordinatedPublicationTests.Contracts.cs	test-support-catalog	storage-and-load	361	0
BookOfEternityClient.Tests/PortableCoordinatedPublicationTests.cs	test-support-catalog	storage-and-load	186	0
BookOfEternityClient.Tests/PortableCoordinatedRecoveryTests.cs	test-support-catalog	storage-and-load	175	0
BookOfEternityClient.Tests/PortableDirectoryDeletionConsumerTests.cs	test-support-catalog	storage-and-load	72	0
BookOfEternityClient.Tests/PortableDirectoryDeletionRecoveryTests.cs	test-support-catalog	storage-and-load	134	0
BookOfEternityClient.Tests/PortableDirectoryDeletionTests.Boundaries.cs	test-support-catalog	storage-and-load	310	0
BookOfEternityClient.Tests/PortableDirectoryDeletionTests.SameLeaseRecovery.cs	test-support-catalog	storage-and-load	64	0
BookOfEternityClient.Tests/PortableDirectoryDeletionTests.cs	test-support-catalog	storage-and-load	82	0
BookOfEternityClient.Tests/PortableDirectoryDeletionWindowsTests.cs	test-support-catalog	storage-and-load	32	0
BookOfEternityClient.Tests/PortableLoadColdRecoveryTests.cs	test-support-catalog	storage-and-load	452	0
BookOfEternityClient.Tests/PortableLoadResourceTests.cs	test-support-catalog	storage-and-load	829	0
BookOfEternityClient.Tests/PortableOrdinaryReadTests.cs	test-support-catalog	storage-and-load	211	0
BookOfEternityClient.Tests/PortablePreparedSettingsTests.cs	test-support-catalog	settings-publication	175	0
BookOfEternityClient.Tests/PortableProposalAdmissionTests.cs	test-support-catalog	storage-and-load	128	0
BookOfEternityClient.Tests/PortableSaveBoundOutcomeTests.cs	test-support-catalog	storage-and-load	268	0
BookOfEternityClient.Tests/PortableSaveCreateOnlyAdapterTests.cs	test-support-catalog	storage-and-load	137	0
BookOfEternityClient.Tests/PortableSaveCreationTests.cs	test-support-catalog	storage-and-load	81	0
BookOfEternityClient.Tests/PortableSaveFilesystemCallerTests.cs	test-support-catalog	storage-and-load	311	0
BookOfEternityClient.Tests/PortableSaveOutcomeTests.cs	test-support-catalog	storage-and-load	380	0
BookOfEternityClient.Tests/PortableSaveResourceTests.cs	test-support-catalog	storage-and-load	85	0
BookOfEternityClient.Tests/PortableSessionGenerationTests.cs	test-support-catalog	storage-and-load	191	0
BookOfEternityClient.Tests/PortableSessionReplacementTests.Boundaries.cs	test-support-catalog	storage-and-load	282	0
BookOfEternityClient.Tests/PortableSessionReplacementTests.cs	test-support-catalog	storage-and-load	234	0
BookOfEternityClient.Tests/PortableSessionRootKeyTests.cs	test-support-catalog	storage-and-load	136	0
BookOfEternityClient.Tests/PortableWorkerDiagnosticTests.cs	test-support-catalog	storage-and-load	54	0
BookOfEternityClient.Tests/PortableWorkerTransactionTests.Cold.cs	test-support-catalog	storage-and-load	79	0
BookOfEternityClient.Tests/PortableWorkerTransactionTests.cs	test-support-catalog	storage-and-load	303	0
BookOfEternityClient.Tests/ProductionMainLinuxFixture.cs	test-support-catalog	affected-test-neighbors	171	0
BookOfEternityClient.Tests/SessionOperationContextTests.cs	test-support-catalog	storage-and-load	26	7
BookOfEternityClient.Tests/StateDistributorCanonicalLeaseTests.cs	test-support-catalog	affected-test-neighbors	16	2
BookOfEternityClient.Tests/StateManagerTests.cs	test-support-catalog	game-lifecycle-commands	5	0
BookOfEternityClient.Tests/TextComposerTests.cs	test-support-catalog	desktop-input-audio	1	1
BookOfEternityClient.Tests/TrustedLocalFileImageTests.cs	test-support-catalog	storage-and-load	84	0
BookOfEternityClient.Tests/TrustedLocalFilePublicationTests.cs	test-support-catalog	storage-and-load	511	0
BookOfEternityClient.Tests/TrustedLocalFileScopeBatchTests.cs	test-support-catalog	storage-and-load	321	0
BookOfEternityClient.Tests/TrustedLocalFileScopeTests.cs	test-support-catalog	storage-and-load	259	0
BookOfEternityClient.Tests/TrustedLocalFrameMetadataTests.cs	test-support-catalog	storage-and-load	660	0
BookOfEternityClient.Tests/TrustedLocalImageAdapterAdmissionTests.cs	test-support-catalog	storage-and-load	108	0
BookOfEternityClient.Tests/TrustedLocalNamespaceJournalTests.cs	test-support-catalog	storage-and-load	608	0
BookOfEternityClient.Tests/TrustedLocalOriginalV1FixtureTests.cs	test-support-catalog	storage-and-load	150	0
BookOfEternityClient.Tests/TrustedLocalStreamDispatchTests.cs	test-support-catalog	storage-and-load	133	0
BookOfEternityClient.Tests/TrustedLocalStreamGenerationRecoveryTests.cs	test-support-catalog	storage-and-load	277	0
BookOfEternityClient.Tests/TrustedLocalStreamPublicationTests.cs	test-support-catalog	storage-and-load	233	0
BookOfEternityClient.Tests/TrustedLocalStreamRecoveryTests.cs	test-support-catalog	storage-and-load	258	0
BookOfEternityClient.Tests/TrustedLocalStreamResourceTests.cs	test-support-catalog	storage-and-load	371	0
BookOfEternityClient.Tests/ValidationSourceGuardTests.cs	test-support-catalog	affected-test-neighbors	16	18
BookOfEternityClient.Tests/WebUi/BrowserGenerationFencingSourceTests.cs	test-support-catalog	web-coordinator-http	28	9
BookOfEternityClient.WebFrontend/src/App.tsx	production-source-config	frontend-load-save-settings	8	2
BookOfEternityClient.WebFrontend/src/api/client.ts	production-source-config	frontend-load-save-settings	11	0
BookOfEternityClient.WebFrontend/src/api/contracts.ts	production-source-config	frontend-load-save-settings	34	1
BookOfEternityClient.WebFrontend/src/components/AudioPanel.tsx	production-source-config	frontend-load-save-settings	45	22
BookOfEternityClient.WebFrontend/src/components/GameLauncher.tsx	production-source-config	frontend-load-save-settings	17	25
BookOfEternityClient.WebFrontend/src/components/LoadContinuationBlockedNotice.tsx	production-source-config	frontend-load-save-settings	20	0
BookOfEternityClient.WebFrontend/src/components/SaveContinuationBlockedNotice.tsx	production-source-config	frontend-load-save-settings	13	0
BookOfEternityClient.WebFrontend/src/components/SettingsView.tsx	production-source-config	frontend-load-save-settings	92	51
BookOfEternityClient.WebFrontend/src/context/ShellContext.tsx	production-source-config	frontend-load-save-settings	103	13
BookOfEternityClient.WebFrontend/src/hooks/loadShellState.ts	production-source-config	frontend-load-save-settings	72	0
BookOfEternityClient.WebFrontend/src/hooks/refreshShellAfterLoad.ts	production-source-config	frontend-load-save-settings	36	0
BookOfEternityClient.WebFrontend/src/hooks/refreshShellAfterSave.ts	production-source-config	frontend-load-save-settings	29	0
BookOfEternityClient.WebFrontend/src/hooks/useShellState.ts	production-source-config	frontend-load-save-settings	15	55
BookOfEternityClient.WebFrontend/src/utils/loadPersistenceNotice.ts	production-source-config	frontend-load-save-settings	122	0
BookOfEternityClient.WebFrontend/src/utils/savePersistenceNotice.ts	production-source-config	frontend-load-save-settings	93	0
BookOfEternityClient.WebFrontend/src/utils/settingsPersistenceNotice.ts	production-source-config	frontend-load-save-settings	84	0
BookOfEternityClient.WebFrontend/test/browserLoadContinuation.test.ts	test-support-catalog	frontend-load-save-settings	110	0
BookOfEternityClient.WebFrontend/test/browserLoadSessionLifecycle.test.ts	test-support-catalog	frontend-load-save-settings	70	0
BookOfEternityClient.WebFrontend/test/browserLoadState.test.ts	test-support-catalog	frontend-load-save-settings	147	0
BookOfEternityClient.WebFrontend/test/browserSaveContinuation.test.ts	test-support-catalog	frontend-load-save-settings	112	0
BookOfEternityClient.WebFrontend/test/browserSettingsSavesAudio.test.ts	test-support-catalog	frontend-load-save-settings	1	1
BookOfEternityClient.WebFrontend/test/gracefulDegradation.test.ts	test-support-catalog	frontend-load-save-settings	4	2
BookOfEternityClient.WebFrontend/test/helpers/settingsComponentHarness.ts	test-support-catalog	frontend-load-save-settings	222	0
BookOfEternityClient.WebFrontend/test/mainOperationLoadBundle.test.ts	test-support-catalog	frontend-load-save-settings	39	0
BookOfEternityClient.WebFrontend/test/playerCopyRobustness.test.ts	test-support-catalog	frontend-load-save-settings	3	1
BookOfEternityClient.WebFrontend/test/savePersistenceNotice.test.ts	test-support-catalog	frontend-load-save-settings	82	0
BookOfEternityClient.WebFrontend/test/settingsLoadReconciliation.test.ts	test-support-catalog	frontend-load-save-settings	57	0
BookOfEternityClient.WebFrontend/test/settingsPersistenceNotice.test.ts	test-support-catalog	frontend-load-save-settings	236	0
BookOfEternityClient/BookOfEternityClient.csproj	build-config	governance-build-docs	27	0
BookOfEternityClient/Configuration/GameSettings.cs	production-source-config	governance-build-docs	12	2
BookOfEternityClient/Configuration/GmCliInputProfile.cs	production-source-config	governance-build-docs	40	0
BookOfEternityClient/Core/CanonicalRootIdentity.cs	production-source-config	storage-and-load	19	2
BookOfEternityClient/Core/ConsoleSettingsPreview.cs	production-source-config	settings-publication	68	0
BookOfEternityClient/Core/ConsoleSettingsSession.cs	production-source-config	settings-publication	171	0
BookOfEternityClient/Core/FileSystemManager.BackupLifecycle.cs	production-source-config	storage-and-load	148	0
BookOfEternityClient/Core/FileSystemManager.BrowserLocalStorage.cs	production-source-config	web-coordinator-http	107	0
BookOfEternityClient/Core/FileSystemManager.DarenLocalStorage.cs	production-source-config	storage-and-load	35	0
BookOfEternityClient/Core/FileSystemManager.DirectoryDeletion.cs	production-source-config	storage-and-load	92	0
BookOfEternityClient/Core/FileSystemManager.GenerationSnapshot.cs	production-source-config	storage-and-load	56	0
BookOfEternityClient/Core/FileSystemManager.ImagePublication.cs	production-source-config	storage-and-load	67	0
BookOfEternityClient/Core/FileSystemManager.LoadNamespace.cs	production-source-config	storage-and-load	260	0
BookOfEternityClient/Core/FileSystemManager.LoadReplacement.cs	production-source-config	storage-and-load	101	0
BookOfEternityClient/Core/FileSystemManager.MainRunFence.cs	production-source-config	storage-and-load	219	0
BookOfEternityClient/Core/FileSystemManager.OrdinaryReadStreams.cs	production-source-config	storage-and-load	138	0
BookOfEternityClient/Core/FileSystemManager.OrdinaryReads.cs	production-source-config	storage-and-load	172	0
BookOfEternityClient/Core/FileSystemManager.SessionReplacement.cs	production-source-config	storage-and-load	141	0
BookOfEternityClient/Core/FileSystemManager.SyntheticBundlePublication.cs	production-source-config	storage-and-load	84	0
BookOfEternityClient/Core/FileSystemManager.TrustedLocalStorage.cs	production-source-config	storage-and-load	284	0
BookOfEternityClient/Core/FileSystemManager.WorkerCanonicalFence.cs	production-source-config	storage-and-load	61	0
BookOfEternityClient/Core/FileSystemManager.WorkerPublication.cs	production-source-config	storage-and-load	56	0
BookOfEternityClient/Core/FileSystemManager.cs	production-source-config	storage-and-load	367	273
BookOfEternityClient/Core/GameEngine.cs	production-source-config	game-lifecycle-commands	14	7
BookOfEternityClient/Core/GameEngine/GameEngine.AgentConsole.cs	production-source-config	game-lifecycle-commands	14	2
BookOfEternityClient/Core/GameEngine/GameEngine.LoadLifecycle.cs	production-source-config	game-lifecycle-commands	43	0
BookOfEternityClient/Core/GameEngine/GameEngine.MainMenu.cs	production-source-config	game-lifecycle-commands	151	53
BookOfEternityClient/Core/GameEngine/GameEngine.OptionsAndSettings.cs	production-source-config	game-lifecycle-commands	214	133
BookOfEternityClient/Core/GameEngine/GameEngine.SessionAndSnapshots.cs	production-source-config	game-lifecycle-commands	27	3
BookOfEternityClient/Core/GameEngine/GameEngine.SettingsInitialization.cs	production-source-config	game-lifecycle-commands	17	0
BookOfEternityClient/Core/GameEngine/GameEngine.TurnLifecycle.cs	production-source-config	game-lifecycle-commands	54	56
BookOfEternityClient/Core/GameEngine/GameEngine.ValidationAndRepair.cs	production-source-config	game-lifecycle-commands	15	3
BookOfEternityClient/Core/GmSessionRunPersistence.cs	production-source-config	gm-main-bridge-protocol	145	0
BookOfEternityClient/Core/LinuxCreateOnlyDirectoryRename.cs	production-source-config	governance-build-docs	33	0
BookOfEternityClient/Core/LocalSettingsPreparation.cs	production-source-config	settings-publication	112	0
BookOfEternityClient/Core/MainOperationContinuationException.cs	production-source-config	governance-build-docs	23	0
BookOfEternityClient/Core/PhysicalFileAuthority.cs	production-source-config	storage-and-load	1	1
BookOfEternityClient/Core/SessionOperationContext.cs	production-source-config	storage-and-load	191	6
BookOfEternityClient/Core/StateManager.LocalSettings.cs	production-source-config	settings-publication	49	0
BookOfEternityClient/Core/StateManager.cs	production-source-config	game-lifecycle-commands	40	4
BookOfEternityClient/Core/TextComposer.cs	production-source-config	desktop-input-audio	57	57
BookOfEternityClient/Core/TrustedLocalFileImage.cs	production-source-config	storage-and-load	156	0
BookOfEternityClient/Core/TrustedLocalFilePublication.Deferred.cs	production-source-config	storage-and-load	149	0
BookOfEternityClient/Core/TrustedLocalFilePublication.FrameMetadata.cs	production-source-config	storage-and-load	667	0
BookOfEternityClient/Core/TrustedLocalFilePublication.Images.cs	production-source-config	storage-and-load	23	0
BookOfEternityClient/Core/TrustedLocalFilePublication.Journal.cs	production-source-config	storage-and-load	166	0
BookOfEternityClient/Core/TrustedLocalFilePublication.Namespace.cs	production-source-config	storage-and-load	670	0
BookOfEternityClient/Core/TrustedLocalFilePublication.NamespaceJournal.cs	production-source-config	storage-and-load	557	0
BookOfEternityClient/Core/TrustedLocalFilePublication.cs	production-source-config	storage-and-load	591	0
BookOfEternityClient/Core/TrustedLocalFileScope.cs	production-source-config	storage-and-load	371	0
BookOfEternityClient/Core/TrustedLocalNamespacePlan.cs	production-source-config	storage-and-load	115	0
BookOfEternityClient/Core/WorkerRunLedgerPersistence.cs	production-source-config	governance-build-docs	409	0
BookOfEternityClient/IO/StateDistributor.cs	production-source-config	normalizer-gameplay-consumers	59	21
BookOfEternityClient/Launcher/CLI_Daemon_Quickstart.md	documentation	launcher-daemon-relay	138	11
BookOfEternityClient/Launcher/CLI_Launch_Script.md	documentation	launcher-daemon-relay	8	1
BookOfEternityClient/Launcher/Generate_CLI_Launch_Script.ps1	script-native	launcher-daemon-relay	16	6
BookOfEternityClient/Launcher/Register_GM_CLI_Window.ps1	script-native	launcher-daemon-relay	7	8
BookOfEternityClient/Launcher/Start_GM_Daemon.ps1	script-native	launcher-daemon-relay	3	2
BookOfEternityClient/Launcher/bookofeternity.ps1	script-native	launcher-daemon-relay	147	34
BookOfEternityClient/Launcher/gm_main_operation.ps1	script-native	launcher-daemon-relay	172	0
BookOfEternityClient/Program.cs	production-source-config	governance-build-docs	26	5
BookOfEternityClient/Services/AfterlifeEntityProfileState.cs	production-source-config	normalizer-gameplay-consumers	98	0
BookOfEternityClient/Services/Audio/AudioPlayback.cs	production-source-config	desktop-input-audio	44	0
BookOfEternityClient/Services/Audio/SdlAudioApi.cs	production-source-config	desktop-input-audio	71	0
BookOfEternityClient/Services/Audio/SdlAudioBackend.cs	production-source-config	desktop-input-audio	64	0
BookOfEternityClient/Services/Audio/WindowsAudioBackend.cs	production-source-config	desktop-input-audio	39	0
BookOfEternityClient/Services/AudioService.SettingsPreview.cs	production-source-config	desktop-input-audio	26	0
BookOfEternityClient/Services/AudioService.cs	production-source-config	desktop-input-audio	178	213
BookOfEternityClient/Services/ClipboardCommandReader.cs	production-source-config	desktop-input-audio	113	0
BookOfEternityClient/Services/ClipboardService.cs	production-source-config	desktop-input-audio	86	48
BookOfEternityClient/Services/ConsoleAppearanceService.cs	production-source-config	desktop-input-audio	6	0
BookOfEternityClient/Services/CoordinatedStateWriteHelper.cs	production-source-config	normalizer-gameplay-consumers	114	22
BookOfEternityClient/Services/DarenRewardProfileFileStore.cs	production-source-config	normalizer-gameplay-consumers	33	0
BookOfEternityClient/Services/DesktopPathOpener.cs	production-source-config	desktop-input-audio	49	0
BookOfEternityClient/Services/ExplorerLocalTurnRollbackArtifacts.TrustedLocalBrowser.cs	production-source-config	web-coordinator-http	196	0
BookOfEternityClient/Services/ExplorerLocalTurnRollbackArtifacts.TrustedLocalDirectGacha.cs	production-source-config	storage-and-load	69	0
BookOfEternityClient/Services/ExplorerLocalTurnRollbackArtifacts.TrustedLocalRecovery.cs	production-source-config	storage-and-load	182	0
BookOfEternityClient/Services/ExplorerLocalTurnRollbackArtifacts.cs	production-source-config	normalizer-gameplay-consumers	43	24
BookOfEternityClient/Services/GmRuntime/GmLoadSessionOperation.cs	production-source-config	gm-main-bridge-protocol	115	0
BookOfEternityClient/Services/GmRuntime/GmLoadSessionProtocol.cs	production-source-config	gm-main-bridge-protocol	12	0
BookOfEternityClient/Services/GmRuntime/GmMainOperationClient.cs	production-source-config	gm-main-bridge-protocol	86	0
BookOfEternityClient/Services/GmRuntime/GmMainOperationProtocol.cs	production-source-config	gm-main-bridge-protocol	55	0
BookOfEternityClient/Services/GmRuntime/GmMainParticipatingControl.cs	production-source-config	gm-main-bridge-protocol	127	0
BookOfEternityClient/Services/GmRuntime/GmSessionRunAdmission.cs	production-source-config	gm-main-bridge-protocol	56	0
BookOfEternityClient/Services/GmRuntime/GmSessionRunCoordinator.PipePins.cs	production-source-config	gm-main-bridge-protocol	96	0
BookOfEternityClient/Services/GmRuntime/GmSessionRunCoordinator.cs	production-source-config	gm-main-bridge-protocol	273	0
BookOfEternityClient/Services/GmRuntime/GmSessionRunRecord.cs	production-source-config	gm-main-bridge-protocol	132	0
BookOfEternityClient/Services/GmRuntime/GmSessionRunRecordCodec.cs	production-source-config	gm-main-bridge-protocol	105	0
BookOfEternityClient/Services/GmRuntime/IOwnedTerminalSession.cs	production-source-config	gm-main-bridge-protocol	20	0
BookOfEternityClient/Services/GmRuntime/LinuxOwnedTerminalSession.cs	production-source-config	gm-main-bridge-protocol	75	0
BookOfEternityClient/Services/GmRuntime/LinuxPtyStream.cs	production-source-config	gm-main-bridge-protocol	112	0
BookOfEternityClient/Services/GmRuntime/LinuxSystemdCgroupFiles.cs	production-source-config	gm-main-bridge-protocol	118	0
BookOfEternityClient/Services/GmRuntime/NeutralTerminalLaunch.cs	production-source-config	gm-main-bridge-protocol	41	0
BookOfEternityClient/Services/GmRuntime/OwnedTerminalSessionFactory.cs	production-source-config	gm-main-bridge-protocol	75	0
BookOfEternityClient/Services/GmRuntime/PartialNativeTerminalSession.cs	production-source-config	gm-main-bridge-protocol	21	0
BookOfEternityClient/Services/GmRuntime/ProductionMainLaunch.cs	production-source-config	gm-main-bridge-protocol	47	0
BookOfEternityClient/Services/GmRuntime/SdBusScopeCodec.cs	production-source-config	gm-main-bridge-protocol	43	0
BookOfEternityClient/Services/GmRuntime/SystemdCgroupObservation.cs	production-source-config	gm-main-bridge-protocol	20	0
BookOfEternityClient/Services/GmRuntime/SystemdCgroupSource.cs	production-source-config	gm-main-bridge-protocol	92	0
BookOfEternityClient/Services/GmRuntime/SystemdOwnedTerminalSession.cs	production-source-config	gm-main-bridge-protocol	48	0
BookOfEternityClient/Services/GmRuntime/SystemdScopeContracts.cs	production-source-config	gm-main-bridge-protocol	47	0
BookOfEternityClient/Services/GmRuntime/SystemdSdBusTransport.cs	production-source-config	gm-main-bridge-protocol	172	0
BookOfEternityClient/Services/GmRuntime/SystemdUserBus.cs	production-source-config	gm-main-bridge-protocol	54	0
BookOfEternityClient/Services/GmRuntime/SystemdUserScopeOwner.cs	production-source-config	gm-main-bridge-protocol	78	0
BookOfEternityClient/Services/GmWorkers/GmWorkerApplyGate.cs	production-source-config	gm-workers-native	25	34
BookOfEternityClient/Services/GmWorkers/GmWorkerAuditLog.cs	production-source-config	gm-workers-native	8	5
BookOfEternityClient/Services/GmWorkers/GmWorkerBackendSelector.cs	production-source-config	gm-workers-native	47	0
BookOfEternityClient/Services/GmWorkers/GmWorkerBridgePool.cs	production-source-config	gm-workers-native	199	235
BookOfEternityClient/Services/GmWorkers/GmWorkerDispatchAdmission.cs	production-source-config	gm-workers-native	56	0
BookOfEternityClient/Services/GmWorkers/GmWorkerDurableExecution.cs	production-source-config	gm-workers-native	396	0
BookOfEternityClient/Services/GmWorkers/GmWorkerExecutionAuthority.cs	production-source-config	gm-workers-native	195	0
BookOfEternityClient/Services/GmWorkers/GmWorkerExecutionWorkspace.cs	production-source-config	gm-workers-native	268	122
BookOfEternityClient/Services/GmWorkers/GmWorkerHostIdentity.cs	production-source-config	gm-workers-native	103	0
BookOfEternityClient/Services/GmWorkers/GmWorkerModels.cs	production-source-config	gm-workers-native	9	0
BookOfEternityClient/Services/GmWorkers/GmWorkerNativeDescriptors.cs	production-source-config	gm-workers-native	103	0
BookOfEternityClient/Services/GmWorkers/GmWorkerNativeLineageLaunch.cs	production-source-config	gm-workers-native	7	0
BookOfEternityClient/Services/GmWorkers/GmWorkerNativeObservationFault.cs	production-source-config	gm-workers-native	68	0
BookOfEternityClient/Services/GmWorkers/GmWorkerNativePackage.cs	production-source-config	gm-workers-native	49	0
BookOfEternityClient/Services/GmWorkers/GmWorkerNativePoolAdmission.cs	production-source-config	gm-workers-native	60	0
BookOfEternityClient/Services/GmWorkers/GmWorkerOwnedLaunch.cs	production-source-config	gm-workers-native	56	0
BookOfEternityClient/Services/GmWorkers/GmWorkerProcessHost.cs	production-source-config	gm-workers-native	246	197
BookOfEternityClient/Services/GmWorkers/GmWorkerProcessHostFrameChannel.cs	production-source-config	gm-workers-native	124	0
BookOfEternityClient/Services/GmWorkers/GmWorkerProcessHostPeerIdentity.cs	production-source-config	gm-workers-native	85	0
BookOfEternityClient/Services/GmWorkers/GmWorkerProcessTree.cs	production-source-config	gm-workers-native	1	0
BookOfEternityClient/Services/GmWorkers/GmWorkerProposalOnlyDispatchService.cs	production-source-config	gm-workers-native	4	1
BookOfEternityClient/Services/GmWorkers/GmWorkerProposalStore.cs	production-source-config	gm-workers-native	23	9
BookOfEternityClient/Services/GmWorkers/GmWorkerQuarantineReaper.cs	production-source-config	gm-workers-native	105	142
BookOfEternityClient/Services/GmWorkers/GmWorkerRootContext.cs	production-source-config	gm-workers-native	199	0
BookOfEternityClient/Services/GmWorkers/GmWorkerRunLedger.Live.cs	production-source-config	gm-workers-native	131	0
BookOfEternityClient/Services/GmWorkers/GmWorkerRunLedger.cs	production-source-config	gm-workers-native	237	0
BookOfEternityClient/Services/GmWorkers/GmWorkerRunLedgerCodec.cs	production-source-config	gm-workers-native	137	0
BookOfEternityClient/Services/GmWorkers/GmWorkerRunRecord.cs	production-source-config	gm-workers-native	24	0
BookOfEternityClient/Services/GmWorkers/GmWorkerRunRecordCodec.cs	production-source-config	gm-workers-native	157	0
BookOfEternityClient/Services/GmWorkers/GmWorkerSyntheticBundlePublication.cs	production-source-config	gm-workers-native	16	0
BookOfEternityClient/Services/GmWorkers/GmWorkerValidationRepairDelegator.cs	production-source-config	gm-workers-native	4	5
BookOfEternityClient/Services/GmWorkers/GmWorkerWindowsOwnedLaunch.cs	production-source-config	gm-workers-native	91	0
BookOfEternityClient/Services/GmWorkers/NativeHeldTerminalPidfd.cs	production-source-config	gm-workers-native	18	0
BookOfEternityClient/Services/GmWorkers/NativeLineageOwner.cs	production-source-config	gm-workers-native	410	0
BookOfEternityClient/Services/GuardianAbodeResidentRequestState.cs	production-source-config	normalizer-gameplay-consumers	81	87
BookOfEternityClient/Services/GuardianTradeRequestState.cs	production-source-config	normalizer-gameplay-consumers	9	8
BookOfEternityClient/Services/ImageService.cs	production-source-config	desktop-input-audio	22	34
BookOfEternityClient/Services/LinuxClipboardReaderIdentity.cs	production-source-config	desktop-input-audio	54	0
BookOfEternityClient/Services/LiveTurnPreparationService.cs	production-source-config	normalizer-gameplay-consumers	2	8
BookOfEternityClient/Services/LocalUiSessionLockService.cs	production-source-config	normalizer-gameplay-consumers	11	0
BookOfEternityClient/Services/NpcTradeRequestState.cs	production-source-config	normalizer-gameplay-consumers	21	17
BookOfEternityClient/Services/QteDeferredEffectResolutionTransport.cs	production-source-config	normalizer-gameplay-consumers	7	7
BookOfEternityClient/Services/QteSceneService.cs	production-source-config	normalizer-gameplay-consumers	24	20
BookOfEternityClient/Services/SaveLoadService.Creation.cs	production-source-config	storage-and-load	434	0
BookOfEternityClient/Services/SaveLoadService.Loading.cs	production-source-config	storage-and-load	497	0
BookOfEternityClient/Services/SaveLoadService.cs	production-source-config	storage-and-load	308	368
BookOfEternityClient/Services/ShiningTradeRequestState.cs	production-source-config	normalizer-gameplay-consumers	11	9
BookOfEternityClient/Services/SystemGuardianLibraryService.cs	production-source-config	normalizer-gameplay-consumers	2	2
BookOfEternityClient/Services/SystemModService.Prepared.cs	production-source-config	settings-publication	60	0
BookOfEternityClient/Services/SystemModService.cs	production-source-config	settings-publication	7	2
BookOfEternityClient/UI/ExplorerLifecycleLocalTurnCommandResultBuilder.cs	production-source-config	game-lifecycle-commands	1	2
BookOfEternityClient/UI/ExplorerMode.cs	production-source-config	game-lifecycle-commands	4	1
BookOfEternityClient/UI/ExplorerMode/ExplorerMode.MetaStoryAndStatus.cs	production-source-config	game-lifecycle-commands	7	10
BookOfEternityClient/UI/ExplorerMode/ExplorerMode.PrivateImplementation.cs	production-source-config	game-lifecycle-commands	3	16
BookOfEternityClient/WebUi/BrowserAudioService.cs	production-source-config	desktop-input-audio	33	39
BookOfEternityClient/WebUi/BrowserClientSettingsService.cs	production-source-config	web-coordinator-http	51	62
BookOfEternityClient/WebUi/BrowserGameScreenService.cs	production-source-config	web-coordinator-http	4	1
BookOfEternityClient/WebUi/BrowserLifecycleDashboardService.cs	production-source-config	web-coordinator-http	8	2
BookOfEternityClient/WebUi/BrowserLoadStateService.cs	production-source-config	web-coordinator-http	53	0
BookOfEternityClient/WebUi/BrowserLocalWriteCoordinator.Prepared.cs	production-source-config	web-coordinator-http	122	0
BookOfEternityClient/WebUi/BrowserLocalWriteCoordinator.SaveCreation.cs	production-source-config	web-coordinator-http	86	0
BookOfEternityClient/WebUi/BrowserLocalWriteCoordinator.cs	production-source-config	web-coordinator-http	138	107
BookOfEternityClient/WebUi/BrowserRequestAdmission.cs	production-source-config	web-coordinator-http	25	0
BookOfEternityClient/WebUi/BrowserSettingsWriteException.cs	production-source-config	web-coordinator-http	9	0
BookOfEternityClient/WebUi/ExplorerWebCommandService.cs	production-source-config	web-coordinator-http	3	0
BookOfEternityClient/WebUi/LocalWebUiHost.cs	production-source-config	web-coordinator-http	115	44
BookOfEternityClient/WebUi/LocalWebUiMainMenuService.LoadLifecycle.cs	production-source-config	web-coordinator-http	123	0
BookOfEternityClient/WebUi/LocalWebUiMainMenuService.cs	production-source-config	web-coordinator-http	264	82
BookOfEternityClient/WebUi/LocalWebUiSessionStatusService.cs	production-source-config	web-coordinator-http	4	1
BookOfEternityClient/game_master_daemon.ps1	script-native	launcher-daemon-relay	298	188
BookOfEternityGMBridge/BookOfEternityGMBridge.csproj	build-config	gm-main-bridge-protocol	1	1
BookOfEternityGMBridge/BridgeHost.DraftObservation.cs	production-source-config	gm-main-bridge-protocol	119	0
BookOfEternityGMBridge/BridgeHost.LoadSession.cs	production-source-config	gm-main-bridge-protocol	117	0
BookOfEternityGMBridge/BridgeHost.MainOperations.cs	production-source-config	gm-main-bridge-protocol	30	0
BookOfEternityGMBridge/BridgeHost.MiniPresentation.cs	production-source-config	gm-main-bridge-protocol	96	0
BookOfEternityGMBridge/BridgeHost.PromptDispatch.cs	production-source-config	gm-main-bridge-protocol	337	0
BookOfEternityGMBridge/BridgeHost.StatusPublication.cs	production-source-config	gm-main-bridge-protocol	110	0
BookOfEternityGMBridge/ConPtySession.cs	production-source-config	gm-main-bridge-protocol	149	148
BookOfEternityGMBridge/DraftObservation.cs	production-source-config	gm-main-bridge-protocol	115	0
BookOfEternityGMBridge/Program.cs	production-source-config	gm-main-bridge-protocol	780	428
BookOfEternityGMBridge/SynchronizedTerminalScreen.cs	production-source-config	gm-main-bridge-protocol	199	0
BookOfEternityGMBridge/TerminalScreen.cs	production-source-config	gm-main-bridge-protocol	78	0
Examples/E_CLI_GM_Worker_Validation_Repair.txt	documentation	governance-build-docs	89	5
OtherGuides/Afterlife_Contract_Matrix.md	documentation	governance-build-docs	4	2
OtherGuides/GM_Worker_Bridges.md	documentation	governance-build-docs	95	9
README.md	documentation	governance-build-docs	7	1
docs/development-workflow.md	documentation	governance-build-docs	237	1
docs/testing.md	documentation	governance-build-docs	24	0
docs/web-ui/local-ui-session-lock.md	documentation	governance-build-docs	8	0
native/linux/boe-lineage-supervisor.c	script-native	gm-workers-native	446	0
scripts/build-linux-supervisor.ps1	script-native	test-runner-catalog-ci	54	0
scripts/plan-test-ci.ps1	script-native	test-runner-catalog-ci	17	0
scripts/test-csharp.ps1	script-native	test-runner-catalog-ci	6	2
scripts/testing/TestCategoryCatalog.psm1	script-native	test-runner-catalog-ci	49	1
scripts/tests/linux-main-guide.tests.ps1	script-native	test-runner-catalog-ci	74	0
scripts/tests/test-ci-platform.tests.ps1	script-native	test-runner-catalog-ci	238	0
tests/categories.json	test-support-catalog	test-runner-catalog-ci	15327	5749
tests/fixtures/GmMainOperation/ancillary.ps1	test-support-catalog	gm-main-bridge-protocol	24	0
tests/fixtures/GmMainOperation/consumers.ps1	test-support-catalog	gm-main-bridge-protocol	39	0
tests/fixtures/GmMainOperation/live.ps1	test-support-catalog	gm-main-bridge-protocol	53	0
tests/fixtures/GmMainOperation/oversized.ps1	test-support-catalog	gm-main-bridge-protocol	14	0
tests/fixtures/GmPromptDelivery/daemon-functions.ps1	test-support-catalog	test-runner-catalog-ci	247	0
tests/fixtures/LinuxHost/host-guardian.c	test-support-catalog	test-runner-catalog-ci	210	0
tests/fixtures/LinuxLineage/lineage-fixture.c	test-support-catalog	test-runner-catalog-ci	235	0
tests/fixtures/LinuxTerminal/foreground.py	test-support-catalog	test-runner-catalog-ci	103	0
tests/fixtures/LinuxTerminal/neutral-cli.c	test-support-catalog	test-runner-catalog-ci	81	0
tests/fixtures/PortableStorageCrashHost/PortableStorageCrashHost.csproj	test-support-catalog	storage-and-load	11	0
tests/fixtures/PortableStorageCrashHost/Program.cs	test-support-catalog	storage-and-load	37	0
tests/fixtures/ProductionMain/codex-gm-relay.py	test-support-catalog	test-runner-catalog-ci	11	0
tests/fixtures/ProductionMain/configured-neutral-cli.c	test-support-catalog	test-runner-catalog-ci	95	0
tests/fixtures/ProductionMain/consumer-boundaries.ps1	test-support-catalog	test-runner-catalog-ci	70	0
tests/fixtures/ProductionMain/daemon-artifact-stall.ps1	test-support-catalog	test-runner-catalog-ci	61	0
tests/fixtures/ProductionMain/daemon-close-diagnostic.ps1	test-support-catalog	test-runner-catalog-ci	42	0
tests/fixtures/ProductionMain/driver-failure-checks.py	test-support-catalog	test-runner-catalog-ci	116	0
tests/fixtures/ProductionMain/idle-daemon-stop.py	test-support-catalog	test-runner-catalog-ci	62	0
tests/fixtures/ProductionMain/live-game-one-turn.py	test-support-catalog	test-runner-catalog-ci	468	0
tests/fixtures/ProductionMain/ordinary.py	test-support-catalog	test-runner-catalog-ci	108	0
tests/fixtures/ProductionMain/persistent-cli-startup.py	test-support-catalog	test-runner-catalog-ci	301	0
tests/fixtures/ProductionMain/read-only-draft-observer.py	test-support-catalog	test-runner-catalog-ci	54	0
tests/fixtures/ProductionMain/relay-acceptance-checks.py	test-support-catalog	test-runner-catalog-ci	53	0
tests/fixtures/ProductionMain/relay-apply-response.ps1	test-support-catalog	test-runner-catalog-ci	4	0
tests/fixtures/ProductionMain/relay-driver-checks.py	test-support-catalog	test-runner-catalog-ci	24	0
tests/fixtures/ProductionMain/relay-repair-checks.py	test-support-catalog	test-runner-catalog-ci	66	0
tests/fixtures/ProductionMain/relay-reusable-checks.py	test-support-catalog	test-runner-catalog-ci	90	0
tests/fixtures/ProductionMain/relay-transport-checks.py	test-support-catalog	test-runner-catalog-ci	127	0
tests/fixtures/ProductionMain/relay-windows-checks.py	test-support-catalog	test-runner-catalog-ci	166	0
tests/fixtures/ProductionMain/standalone-bootstrap-trace.py	test-support-catalog	test-runner-catalog-ci	218	0
tests/fixtures/WindowsHttpProbe/.gitignore	test-support-catalog	test-runner-catalog-ci	2	0
tests/fixtures/WindowsHttpProbe/Program.cs	test-support-catalog	test-runner-catalog-ci	137	0
tests/fixtures/WindowsHttpProbe/WindowsHttpProbe.csproj	test-support-catalog	test-runner-catalog-ci	12	0
tests/selection.json	test-support-catalog	test-runner-catalog-ci	81	51
tests/selections/1553-load-admission-consumers.json	test-support-catalog	test-runner-catalog-ci	82	0
tests/selections/1553-load-linux.json	test-support-catalog	test-runner-catalog-ci	26	0
tests/selections/1553-main-run-fence-f1-linux.json	test-support-catalog	test-runner-catalog-ci	19	0
tests/selections/1553-main-run-fence-f2-linux.json	test-support-catalog	test-runner-catalog-ci	61	0
tests/selections/1553-owned-terminal-linux.json	test-support-catalog	test-runner-catalog-ci	68	0
tests/selections/1553-worker-ledger-linux.json	test-support-catalog	test-runner-catalog-ci	37	0
tests/selections/1553-worker-pool-linux.json	test-support-catalog	test-runner-catalog-ci	170	0
tests/selections/1553-worker-portable-core.json	test-support-catalog	test-runner-catalog-ci	33	0
tests/selections/1553-worker-restart-r2-linux.json	test-support-catalog	test-runner-catalog-ci	229	0
tests/selections/1553-worker-restart-r3-linux.json	test-support-catalog	test-runner-catalog-ci	53	0
tools/gm-relay/.gitignore	build-config	launcher-daemon-relay	1	0
tools/gm-relay/README.md	documentation	launcher-daemon-relay	173	0
tools/gm-relay/input-profile.json	production-source-config	launcher-daemon-relay	7	0
tools/gm-relay/relay-apply-response.ps1	script-native	launcher-daemon-relay	34	0
tools/gm-relay/relay_cli.py	script-native	launcher-daemon-relay	139	0
tools/gm-relay/relay_contract.py	script-native	launcher-daemon-relay	234	0
tools/gm-relay/relay_platform.py	script-native	launcher-daemon-relay	200	0
tools/gm-relay/relay_worker.py	script-native	launcher-daemon-relay	50	0
